Indicator Name,Indicator Code,Country Name,Country Code,Year,Value,Disaggregation
"Borrowed any money from a formal financial institution or using a mobile money account, female (% age 15+)",fin22a.c.MM.d.1,Arab World,ARB,2021,7.09,
"Borrowed any money from a formal financial institution or using a mobile money account, female (% age 15+)",fin22a.c.MM.d.1,East Asia & Pacific,EAS,2021,36.21,
"Borrowed any money from a formal financial institution or using a mobile money account, female (% age 15+)",fin22a.c.MM.d.1,East Asia & Pacific (excluding high income),EAP,2021,32.71,
"Borrowed any money from a formal financial institution or using a mobile money account, female (% age 15+)",fin22a.c.MM.d.1,Euro area,EMU,2021,47.69,
"Borrowed any money from a formal financial institution or using a mobile money account, female (% age 15+)",fin22a.c.MM.d.1,Europe & Central Asia,ECS,2021,37.06,
"Borrowed any money from a formal financial institution or using a mobile money account, female (% age 15+)",fin22a.c.MM.d.1,Europe & Central Asia (excluding high income),ECA,2021,24.89,
"Borrowed any money from a formal financial institution or using a mobile money account, female (% age 15+)",fin22a.c.MM.d.1,High income,HIC,2021,55.36,
"Borrowed any money from a formal financial institution or using a mobile money account, female (% age 15+)",fin22a.c.MM.d.1,Latin America & Caribbean,LCN,2021,24.85,
"Borrowed any money from a formal financial institution or using a mobile money account, female (% age 15+)",fin22a.c.MM.d.1,Latin America & Caribbean (excluding high income),LAC,2021,24.91,
"Borrowed any money from a formal financial institution or using a mobile money account, female (% age 15+)",fin22a.c.MM.d.1,LMY,LMY,2021,21.11,
"Borrowed any money from a formal financial institution or using a mobile money account, female (% age 15+)",fin22a.c.MM.d.1,Low income,LIC,2021,11.16,
"Borrowed any money from a formal financial institution or using a mobile money account, female (% age 15+)",fin22a.c.MM.d.1,Lower middle income,LMC,2021,11.91,
"Borrowed any money from a formal financial institution or using a mobile money account, female (% age 15+)",fin22a.c.MM.d.1,Middle East & North Africa,MEA,2021,12.73,
"Borrowed any money from a formal financial institution or using a mobile money account, female (% age 15+)",fin22a.c.MM.d.1,Middle East & North Africa (excluding high income),MNA,2021,9.14,
"Borrowed any money from a formal financial institution or using a mobile money account, female (% age 15+)",fin22a.c.MM.d.1,MIC,MIC,2021,21.43,
"Borrowed any money from a formal financial institution or using a mobile money account, female (% age 15+)",fin22a.c.MM.d.1,North America,NAC,2021,68.21,
"Borrowed any money from a formal financial institution or using a mobile money account, female (% age 15+)",fin22a.c.MM.d.1,OECD members,OED,2021,56.13,
"Borrowed any money from a formal financial institution or using a mobile money account, female (% age 15+)",fin22a.c.MM.d.1,South Asia,SAS,2021,10.32,
"Borrowed any money from a formal financial institution or using a mobile money account, female (% age 15+)",fin22a.c.MM.d.1,Sub-Saharan Africa,SSF,2021,12.98,
"Borrowed any money from a formal financial institution or using a mobile money account, female (% age 15+)",fin22a.c.MM.d.1,Sub-Saharan Africa (excluding high income),SSA,2021,12.98,
"Borrowed any money from a formal financial institution or using a mobile money account, female (% age 15+)",fin22a.c.MM.d.1,Upper middle income,UMC,2021,33.12,
"Borrowed any money from a formal financial institution or using a mobile money account, female (% age 15+)",fin22a.c.MM.d.1,World,WLD,2021,27.7,
"Borrowed any money from a formal financial institution or using a mobile money account, female (% age 15+)",fin22a.c.MM.d.1,Afghanistan,AFG,2021,0.76,
"Borrowed any money from a formal financial institution or using a mobile money account, female (% age 15+)",fin22a.c.MM.d.1,Albania,ALB,2021,11.93,
"Borrowed any money from a formal financial institution or using a mobile money account, female (% age 15+)",fin22a.c.MM.d.1,Algeria,DZA,2021,2.3,
"Borrowed any money from a formal financial institution or using a mobile money account, female (% age 15+)",fin22a.c.MM.d.1,Argentina,ARG,2021,26.59,
"Borrowed any money from a formal financial institution or using a mobile money account, female (% age 15+)",fin22a.c.MM.d.1,Armenia,ARM,2021,24.06,
"Borrowed any money from a formal financial institution or using a mobile money account, female (% age 15+)",fin22a.c.MM.d.1,Australia,AUS,2021,59.4,
"Borrowed any money from a formal financial institution or using a mobile money account, female (% age 15+)",fin22a.c.MM.d.1,Austria,AUT,2021,53.32,
"Borrowed any money from a formal financial institution or using a mobile money account, female (% age 15+)",fin22a.c.MM.d.1,Bangladesh,BGD,2021,16.8,
"Borrowed any money from a formal financial institution or using a mobile money account, female (% age 15+)",fin22a.c.MM.d.1,Belgium,BEL,2021,43.97,
"Borrowed any money from a formal financial institution or using a mobile money account, female (% age 15+)",fin22a.c.MM.d.1,Benin,BEN,2021,8.6,
"Borrowed any money from a formal financial institution or using a mobile money account, female (% age 15+)",fin22a.c.MM.d.1,Bolivia,BOL,2021,18.14,
"Borrowed any money from a formal financial institution or using a mobile money account, female (% age 15+)",fin22a.c.MM.d.1,Bosnia and Herzegovina,BIH,2021,18.74,
"Borrowed any money from a formal financial institution or using a mobile money account, female (% age 15+)",fin22a.c.MM.d.1,Brazil,BRA,2021,33.8,
"Borrowed any money from a formal financial institution or using a mobile money account, female (% age 15+)",fin22a.c.MM.d.1,Bulgaria,BGR,2021,23.17,
"Borrowed any money from a formal financial institution or using a mobile money account, female (% age 15+)",fin22a.c.MM.d.1,Burkina Faso,BFA,2021,5.48,
"Borrowed any money from a formal financial institution or using a mobile money account, female (% age 15+)",fin22a.c.MM.d.1,Cambodia,KHM,2021,33.52,
"Borrowed any money from a formal financial institution or using a mobile money account, female (% age 15+)",fin22a.c.MM.d.1,Cameroon,CMR,2021,8.1,
"Borrowed any money from a formal financial institution or using a mobile money account, female (% age 15+)",fin22a.c.MM.d.1,Canada,CAN,2021,81.19,
"Borrowed any money from a formal financial institution or using a mobile money account, female (% age 15+)",fin22a.c.MM.d.1,Chile,CHL,2021,20.46,
"Borrowed any money from a formal financial institution or using a mobile money account, female (% age 15+)",fin22a.c.MM.d.1,China,CHN,2021,38.9,
"Borrowed any money from a formal financial institution or using a mobile money account, female (% age 15+)",fin22a.c.MM.d.1,Colombia,COL,2021,14.92,
"Borrowed any money from a formal financial institution or using a mobile money account, female (% age 15+)",fin22a.c.MM.d.1,"Congo, Rep.",COG,2021,9.15,
"Borrowed any money from a formal financial institution or using a mobile money account, female (% age 15+)",fin22a.c.MM.d.1,Costa Rica,CRI,2021,13.37,
"Borrowed any money from a formal financial institution or using a mobile money account, female (% age 15+)",fin22a.c.MM.d.1,Cote d'Ivoire,CIV,2021,4.16,
"Borrowed any money from a formal financial institution or using a mobile money account, female (% age 15+)",fin22a.c.MM.d.1,Croatia,HRV,2021,28.34,
"Borrowed any money from a formal financial institution or using a mobile money account, female (% age 15+)",fin22a.c.MM.d.1,Cyprus,CYP,2021,29.27,
"Borrowed any money from a formal financial institution or using a mobile money account, female (% age 15+)",fin22a.c.MM.d.1,Czechia,CZE,2021,27.34,
"Borrowed any money from a formal financial institution or using a mobile money account, female (% age 15+)",fin22a.c.MM.d.1,Denmark,DNK,2021,48.39,
"Borrowed any money from a formal financial institution or using a mobile money account, female (% age 15+)",fin22a.c.MM.d.1,Dominican Republic,DOM,2021,21.97,
"Borrowed any money from a formal financial institution or using a mobile money account, female (% age 15+)",fin22a.c.MM.d.1,Ecuador,ECU,2021,14.52,
"Borrowed any money from a formal financial institution or using a mobile money account, female (% age 15+)",fin22a.c.MM.d.1,"Egypt, Arab Rep.",EGY,2021,4.88,
"Borrowed any money from a formal financial institution or using a mobile money account, female (% age 15+)",fin22a.c.MM.d.1,El Salvador,SLV,2021,10.82,
"Borrowed any money from a formal financial institution or using a mobile money account, female (% age 15+)",fin22a.c.MM.d.1,Estonia,EST,2021,32.94,
"Borrowed any money from a formal financial institution or using a mobile money account, female (% age 15+)",fin22a.c.MM.d.1,Finland,FIN,2021,52.66,
"Borrowed any money from a formal financial institution or using a mobile money account, female (% age 15+)",fin22a.c.MM.d.1,France,FRA,2021,44.02,
"Borrowed any money from a formal financial institution or using a mobile money account, female (% age 15+)",fin22a.c.MM.d.1,Gabon,GAB,2021,8.46,
"Borrowed any money from a formal financial institution or using a mobile money account, female (% age 15+)",fin22a.c.MM.d.1,Georgia,GEO,2021,22.83,
"Borrowed any money from a formal financial institution or using a mobile money account, female (% age 15+)",fin22a.c.MM.d.1,Germany,DEU,2021,58.49,
"Borrowed any money from a formal financial institution or using a mobile money account, female (% age 15+)",fin22a.c.MM.d.1,Ghana,GHA,2021,13.28,
"Borrowed any money from a formal financial institution or using a mobile money account, female (% age 15+)",fin22a.c.MM.d.1,Greece,GRC,2021,14.87,
"Borrowed any money from a formal financial institution or using a mobile money account, female (% age 15+)",fin22a.c.MM.d.1,Guinea,GIN,2021,5.8,
"Borrowed any money from a formal financial institution or using a mobile money account, female (% age 15+)",fin22a.c.MM.d.1,Honduras,HND,2021,8.62,
"Borrowed any money from a formal financial institution or using a mobile money account, female (% age 15+)",fin22a.c.MM.d.1,"Hong Kong SAR, China",HKG,2021,72.26,
"Borrowed any money from a formal financial institution or using a mobile money account, female (% age 15+)",fin22a.c.MM.d.1,Hungary,HUN,2021,17.19,
"Borrowed any money from a formal financial institution or using a mobile money account, female (% age 15+)",fin22a.c.MM.d.1,Iceland,ISL,2021,71.74,
"Borrowed any money from a formal financial institution or using a mobile money account, female (% age 15+)",fin22a.c.MM.d.1,India,IND,2021,10.47,
"Borrowed any money from a formal financial institution or using a mobile money account, female (% age 15+)",fin22a.c.MM.d.1,Indonesia,IDN,2021,16.67,
"Borrowed any money from a formal financial institution or using a mobile money account, female (% age 15+)",fin22a.c.MM.d.1,"Iran, Islamic Rep.",IRN,2021,22.98,
"Borrowed any money from a formal financial institution or using a mobile money account, female (% age 15+)",fin22a.c.MM.d.1,Iraq,IRQ,2021,2.44,
"Borrowed any money from a formal financial institution or using a mobile money account, female (% age 15+)",fin22a.c.MM.d.1,Ireland,IRL,2021,56.68,
"Borrowed any money from a formal financial institution or using a mobile money account, female (% age 15+)",fin22a.c.MM.d.1,Israel,ISR,2021,80.49,
"Borrowed any money from a formal financial institution or using a mobile money account, female (% age 15+)",fin22a.c.MM.d.1,Italy,ITA,2021,55.91,
"Borrowed any money from a formal financial institution or using a mobile money account, female (% age 15+)",fin22a.c.MM.d.1,Jamaica,JAM,2021,10.42,
"Borrowed any money from a formal financial institution or using a mobile money account, female (% age 15+)",fin22a.c.MM.d.1,Japan,JPN,2021,60,
"Borrowed any money from a formal financial institution or using a mobile money account, female (% age 15+)",fin22a.c.MM.d.1,Jordan,JOR,2021,6.07,
"Borrowed any money from a formal financial institution or using a mobile money account, female (% age 15+)",fin22a.c.MM.d.1,Kazakhstan,KAZ,2021,30.2,
"Borrowed any money from a formal financial institution or using a mobile money account, female (% age 15+)",fin22a.c.MM.d.1,Kenya,KEN,2021,37.19,
"Borrowed any money from a formal financial institution or using a mobile money account, female (% age 15+)",fin22a.c.MM.d.1,"Korea, Rep.",KOR,2021,64,
"Borrowed any money from a formal financial institution or using a mobile money account, female (% age 15+)",fin22a.c.MM.d.1,Kosovo,XKX,2021,11.07,
"Borrowed any money from a formal financial institution or using a mobile money account, female (% age 15+)",fin22a.c.MM.d.1,Kyrgyz Republic,KGZ,2021,16.9,
"Borrowed any money from a formal financial institution or using a mobile money account, female (% age 15+)",fin22a.c.MM.d.1,Lao PDR,LAO,2021,9.9,
"Borrowed any money from a formal financial institution or using a mobile money account, female (% age 15+)",fin22a.c.MM.d.1,Latvia,LVA,2021,18.61,
"Borrowed any money from a formal financial institution or using a mobile money account, female (% age 15+)",fin22a.c.MM.d.1,Lebanon,LBN,2021,1.83,
"Borrowed any money from a formal financial institution or using a mobile money account, female (% age 15+)",fin22a.c.MM.d.1,Liberia,LBR,2021,14.27,
"Borrowed any money from a formal financial institution or using a mobile money account, female (% age 15+)",fin22a.c.MM.d.1,Lithuania,LTU,2021,9.9,
"Borrowed any money from a formal financial institution or using a mobile money account, female (% age 15+)",fin22a.c.MM.d.1,Malawi,MWI,2021,10.1,
"Borrowed any money from a formal financial institution or using a mobile money account, female (% age 15+)",fin22a.c.MM.d.1,Malaysia,MYS,2021,14.22,
"Borrowed any money from a formal financial institution or using a mobile money account, female (% age 15+)",fin22a.c.MM.d.1,Mali,MLI,2021,13.22,
"Borrowed any money from a formal financial institution or using a mobile money account, female (% age 15+)",fin22a.c.MM.d.1,Malta,MLT,2021,32.93,
"Borrowed any money from a formal financial institution or using a mobile money account, female (% age 15+)",fin22a.c.MM.d.1,Mauritius,MUS,2021,15.79,
"Borrowed any money from a formal financial institution or using a mobile money account, female (% age 15+)",fin22a.c.MM.d.1,Moldova,MDA,2021,13.28,
"Borrowed any money from a formal financial institution or using a mobile money account, female (% age 15+)",fin22a.c.MM.d.1,Mongolia,MNG,2021,35.8,
"Borrowed any money from a formal financial institution or using a mobile money account, female (% age 15+)",fin22a.c.MM.d.1,Morocco,MAR,2021,3.73,
"Borrowed any money from a formal financial institution or using a mobile money account, female (% age 15+)",fin22a.c.MM.d.1,Mozambique,MOZ,2021,9.15,
"Borrowed any money from a formal financial institution or using a mobile money account, female (% age 15+)",fin22a.c.MM.d.1,Myanmar,MMR,2021,8.93,
"Borrowed any money from a formal financial institution or using a mobile money account, female (% age 15+)",fin22a.c.MM.d.1,Namibia,NAM,2021,20.69,
"Borrowed any money from a formal financial institution or using a mobile money account, female (% age 15+)",fin22a.c.MM.d.1,Nepal,NPL,2021,13.43,
"Borrowed any money from a formal financial institution or using a mobile money account, female (% age 15+)",fin22a.c.MM.d.1,Netherlands,NLD,2021,29.13,
"Borrowed any money from a formal financial institution or using a mobile money account, female (% age 15+)",fin22a.c.MM.d.1,New Zealand,NZL,2021,60.52,
"Borrowed any money from a formal financial institution or using a mobile money account, female (% age 15+)",fin22a.c.MM.d.1,Nicaragua,NIC,2021,13.13,
"Borrowed any money from a formal financial institution or using a mobile money account, female (% age 15+)",fin22a.c.MM.d.1,Nigeria,NGA,2021,6.32,
"Borrowed any money from a formal financial institution or using a mobile money account, female (% age 15+)",fin22a.c.MM.d.1,North Macedonia,MKD,2021,20.15,
"Borrowed any money from a formal financial institution or using a mobile money account, female (% age 15+)",fin22a.c.MM.d.1,Norway,NOR,2021,66.84,
"Borrowed any money from a formal financial institution or using a mobile money account, female (% age 15+)",fin22a.c.MM.d.1,Pakistan,PAK,2021,3.28,
"Borrowed any money from a formal financial institution or using a mobile money account, female (% age 15+)",fin22a.c.MM.d.1,Panama,PAN,2021,6.73,
"Borrowed any money from a formal financial institution or using a mobile money account, female (% age 15+)",fin22a.c.MM.d.1,Paraguay,PRY,2021,14.93,
"Borrowed any money from a formal financial institution or using a mobile money account, female (% age 15+)",fin22a.c.MM.d.1,Peru,PER,2021,21.21,
"Borrowed any money from a formal financial institution or using a mobile money account, female (% age 15+)",fin22a.c.MM.d.1,Philippines,PHL,2021,15.96,
"Borrowed any money from a formal financial institution or using a mobile money account, female (% age 15+)",fin22a.c.MM.d.1,Poland,POL,2021,25.74,
"Borrowed any money from a formal financial institution or using a mobile money account, female (% age 15+)",fin22a.c.MM.d.1,Portugal,PRT,2021,23.04,
"Borrowed any money from a formal financial institution or using a mobile money account, female (% age 15+)",fin22a.c.MM.d.1,Romania,ROU,2021,15.15,
"Borrowed any money from a formal financial institution or using a mobile money account, female (% age 15+)",fin22a.c.MM.d.1,Russian Federation,RUS,2021,29.62,
"Borrowed any money from a formal financial institution or using a mobile money account, female (% age 15+)",fin22a.c.MM.d.1,Saudi Arabia,SAU,2021,28.85,
"Borrowed any money from a formal financial institution or using a mobile money account, female (% age 15+)",fin22a.c.MM.d.1,Senegal,SEN,2021,14.04,
"Borrowed any money from a formal financial institution or using a mobile money account, female (% age 15+)",fin22a.c.MM.d.1,Serbia,SRB,2021,21.22,
"Borrowed any money from a formal financial institution or using a mobile money account, female (% age 15+)",fin22a.c.MM.d.1,Sierra Leone,SLE,2021,5.93,
"Borrowed any money from a formal financial institution or using a mobile money account, female (% age 15+)",fin22a.c.MM.d.1,Singapore,SGP,2021,41.27,
"Borrowed any money from a formal financial institution or using a mobile money account, female (% age 15+)",fin22a.c.MM.d.1,Slovak Republic,SVK,2021,30.02,
"Borrowed any money from a formal financial institution or using a mobile money account, female (% age 15+)",fin22a.c.MM.d.1,Slovenia,SVN,2021,37.39,
"Borrowed any money from a formal financial institution or using a mobile money account, female (% age 15+)",fin22a.c.MM.d.1,South Africa,ZAF,2021,19.79,
"Borrowed any money from a formal financial institution or using a mobile money account, female (% age 15+)",fin22a.c.MM.d.1,South Sudan,SSD,2021,2.97,
"Borrowed any money from a formal financial institution or using a mobile money account, female (% age 15+)",fin22a.c.MM.d.1,Spain,ESP,2021,48.74,
"Borrowed any money from a formal financial institution or using a mobile money account, female (% age 15+)",fin22a.c.MM.d.1,Sri Lanka,LKA,2021,21.21,
"Borrowed any money from a formal financial institution or using a mobile money account, female (% age 15+)",fin22a.c.MM.d.1,Sweden,SWE,2021,45.22,
"Borrowed any money from a formal financial institution or using a mobile money account, female (% age 15+)",fin22a.c.MM.d.1,Switzerland,CHE,2021,57.95,
"Borrowed any money from a formal financial institution or using a mobile money account, female (% age 15+)",fin22a.c.MM.d.1,Tajikistan,TJK,2021,12.28,
"Borrowed any money from a formal financial institution or using a mobile money account, female (% age 15+)",fin22a.c.MM.d.1,Tanzania,TZA,2021,10.57,
"Borrowed any money from a formal financial institution or using a mobile money account, female (% age 15+)",fin22a.c.MM.d.1,Thailand,THA,2021,23.86,
"Borrowed any money from a formal financial institution or using a mobile money account, female (% age 15+)",fin22a.c.MM.d.1,Togo,TGO,2021,7.84,
"Borrowed any money from a formal financial institution or using a mobile money account, female (% age 15+)",fin22a.c.MM.d.1,Tunisia,TUN,2021,9.45,
"Borrowed any money from a formal financial institution or using a mobile money account, female (% age 15+)",fin22a.c.MM.d.1,Turkiye,TUR,2021,24.43,
"Borrowed any money from a formal financial institution or using a mobile money account, female (% age 15+)",fin22a.c.MM.d.1,Uganda,UGA,2021,28.93,
"Borrowed any money from a formal financial institution or using a mobile money account, female (% age 15+)",fin22a.c.MM.d.1,Ukraine,UKR,2021,32.2,
"Borrowed any money from a formal financial institution or using a mobile money account, female (% age 15+)",fin22a.c.MM.d.1,United Arab Emirates,ARE,2021,19.56,
"Borrowed any money from a formal financial institution or using a mobile money account, female (% age 15+)",fin22a.c.MM.d.1,United Kingdom,GBR,2021,56.58,
"Borrowed any money from a formal financial institution or using a mobile money account, female (% age 15+)",fin22a.c.MM.d.1,United States,USA,2021,66.65,
"Borrowed any money from a formal financial institution or using a mobile money account, female (% age 15+)",fin22a.c.MM.d.1,Uruguay,URY,2021,42.36,
"Borrowed any money from a formal financial institution or using a mobile money account, female (% age 15+)",fin22a.c.MM.d.1,Uzbekistan,UZB,2021,4.82,
"Borrowed any money from a formal financial institution or using a mobile money account, female (% age 15+)",fin22a.c.MM.d.1,"Venezuela, RB",VEN,2021,7.79,
"Borrowed any money from a formal financial institution or using a mobile money account, female (% age 15+)",fin22a.c.MM.d.1,West Bank and Gaza,PSE,2021,4.12,
"Borrowed any money from a formal financial institution or using a mobile money account, female (% age 15+)",fin22a.c.MM.d.1,Zambia,ZMB,2021,11.52,
"Borrowed any money from a formal financial institution or using a mobile money account, female (% age 15+)",fin22a.c.MM.d.1,Zimbabwe,ZWE,2021,6.54,
"Borrowed any money from a formal financial institution or using a mobile money account, male (% age 15+)",fin22a.c.MM.d.2,Arab World,ARB,2021,12.8,
"Borrowed any money from a formal financial institution or using a mobile money account, male (% age 15+)",fin22a.c.MM.d.2,East Asia & Pacific,EAS,2021,37.14,
"Borrowed any money from a formal financial institution or using a mobile money account, male (% age 15+)",fin22a.c.MM.d.2,East Asia & Pacific (excluding high income),EAP,2021,33.72,
"Borrowed any money from a formal financial institution or using a mobile money account, male (% age 15+)",fin22a.c.MM.d.2,Euro area,EMU,2021,48.74,
"Borrowed any money from a formal financial institution or using a mobile money account, male (% age 15+)",fin22a.c.MM.d.2,Europe & Central Asia,ECS,2021,42.13,
"Borrowed any money from a formal financial institution or using a mobile money account, male (% age 15+)",fin22a.c.MM.d.2,Europe & Central Asia (excluding high income),ECA,2021,33.27,
"Borrowed any money from a formal financial institution or using a mobile money account, male (% age 15+)",fin22a.c.MM.d.2,High income,HIC,2021,56.5,
"Borrowed any money from a formal financial institution or using a mobile money account, male (% age 15+)",fin22a.c.MM.d.2,Latin America & Caribbean,LCN,2021,35.82,
"Borrowed any money from a formal financial institution or using a mobile money account, male (% age 15+)",fin22a.c.MM.d.2,Latin America & Caribbean (excluding high income),LAC,2021,36.09,
"Borrowed any money from a formal financial institution or using a mobile money account, male (% age 15+)",fin22a.c.MM.d.2,LMY,LMY,2021,24.71,
"Borrowed any money from a formal financial institution or using a mobile money account, male (% age 15+)",fin22a.c.MM.d.2,Low income,LIC,2021,14.02,
"Borrowed any money from a formal financial institution or using a mobile money account, male (% age 15+)",fin22a.c.MM.d.2,Lower middle income,LMC,2021,14.38,
"Borrowed any money from a formal financial institution or using a mobile money account, male (% age 15+)",fin22a.c.MM.d.2,Middle East & North Africa,MEA,2021,17.67,
"Borrowed any money from a formal financial institution or using a mobile money account, male (% age 15+)",fin22a.c.MM.d.2,Middle East & North Africa (excluding high income),MNA,2021,13.34,
"Borrowed any money from a formal financial institution or using a mobile money account, male (% age 15+)",fin22a.c.MM.d.2,MIC,MIC,2021,25.02,
"Borrowed any money from a formal financial institution or using a mobile money account, male (% age 15+)",fin22a.c.MM.d.2,North America,NAC,2021,67.34,
"Borrowed any money from a formal financial institution or using a mobile money account, male (% age 15+)",fin22a.c.MM.d.2,OECD members,OED,2021,57.65,
"Borrowed any money from a formal financial institution or using a mobile money account, male (% age 15+)",fin22a.c.MM.d.2,South Asia,SAS,2021,13.79,
"Borrowed any money from a formal financial institution or using a mobile money account, male (% age 15+)",fin22a.c.MM.d.2,Sub-Saharan Africa,SSF,2021,15.86,
"Borrowed any money from a formal financial institution or using a mobile money account, male (% age 15+)",fin22a.c.MM.d.2,Sub-Saharan Africa (excluding high income),SSA,2021,15.86,
"Borrowed any money from a formal financial institution or using a mobile money account, male (% age 15+)",fin22a.c.MM.d.2,Upper middle income,UMC,2021,37.46,
"Borrowed any money from a formal financial institution or using a mobile money account, male (% age 15+)",fin22a.c.MM.d.2,World,WLD,2021,30.63,
"Borrowed any money from a formal financial institution or using a mobile money account, male (% age 15+)",fin22a.c.MM.d.2,Afghanistan,AFG,2021,3.38,
"Borrowed any money from a formal financial institution or using a mobile money account, male (% age 15+)",fin22a.c.MM.d.2,Albania,ALB,2021,14.93,
"Borrowed any money from a formal financial institution or using a mobile money account, male (% age 15+)",fin22a.c.MM.d.2,Algeria,DZA,2021,5.27,
"Borrowed any money from a formal financial institution or using a mobile money account, male (% age 15+)",fin22a.c.MM.d.2,Argentina,ARG,2021,37.41,
"Borrowed any money from a formal financial institution or using a mobile money account, male (% age 15+)",fin22a.c.MM.d.2,Armenia,ARM,2021,33.02,
"Borrowed any money from a formal financial institution or using a mobile money account, male (% age 15+)",fin22a.c.MM.d.2,Australia,AUS,2021,55.01,
"Borrowed any money from a formal financial institution or using a mobile money account, male (% age 15+)",fin22a.c.MM.d.2,Austria,AUT,2021,59.89,
"Borrowed any money from a formal financial institution or using a mobile money account, male (% age 15+)",fin22a.c.MM.d.2,Bangladesh,BGD,2021,15.71,
"Borrowed any money from a formal financial institution or using a mobile money account, male (% age 15+)",fin22a.c.MM.d.2,Belgium,BEL,2021,52.13,
"Borrowed any money from a formal financial institution or using a mobile money account, male (% age 15+)",fin22a.c.MM.d.2,Benin,BEN,2021,13.9,
"Borrowed any money from a formal financial institution or using a mobile money account, male (% age 15+)",fin22a.c.MM.d.2,Bolivia,BOL,2021,21.74,
"Borrowed any money from a formal financial institution or using a mobile money account, male (% age 15+)",fin22a.c.MM.d.2,Bosnia and Herzegovina,BIH,2021,23.97,
"Borrowed any money from a formal financial institution or using a mobile money account, male (% age 15+)",fin22a.c.MM.d.2,Brazil,BRA,2021,48.39,
"Borrowed any money from a formal financial institution or using a mobile money account, male (% age 15+)",fin22a.c.MM.d.2,Bulgaria,BGR,2021,29.71,
"Borrowed any money from a formal financial institution or using a mobile money account, male (% age 15+)",fin22a.c.MM.d.2,Burkina Faso,BFA,2021,12.17,
"Borrowed any money from a formal financial institution or using a mobile money account, male (% age 15+)",fin22a.c.MM.d.2,Cambodia,KHM,2021,27.8,
"Borrowed any money from a formal financial institution or using a mobile money account, male (% age 15+)",fin22a.c.MM.d.2,Cameroon,CMR,2021,15.02,
"Borrowed any money from a formal financial institution or using a mobile money account, male (% age 15+)",fin22a.c.MM.d.2,Canada,CAN,2021,80.81,
"Borrowed any money from a formal financial institution or using a mobile money account, male (% age 15+)",fin22a.c.MM.d.2,Chile,CHL,2021,28.38,
"Borrowed any money from a formal financial institution or using a mobile money account, male (% age 15+)",fin22a.c.MM.d.2,China,CHN,2021,39.43,
"Borrowed any money from a formal financial institution or using a mobile money account, male (% age 15+)",fin22a.c.MM.d.2,Colombia,COL,2021,23.4,
"Borrowed any money from a formal financial institution or using a mobile money account, male (% age 15+)",fin22a.c.MM.d.2,"Congo, Rep.",COG,2021,10.91,
"Borrowed any money from a formal financial institution or using a mobile money account, male (% age 15+)",fin22a.c.MM.d.2,Costa Rica,CRI,2021,21.79,
"Borrowed any money from a formal financial institution or using a mobile money account, male (% age 15+)",fin22a.c.MM.d.2,Cote d'Ivoire,CIV,2021,11.3,
"Borrowed any money from a formal financial institution or using a mobile money account, male (% age 15+)",fin22a.c.MM.d.2,Croatia,HRV,2021,38.45,
"Borrowed any money from a formal financial institution or using a mobile money account, male (% age 15+)",fin22a.c.MM.d.2,Cyprus,CYP,2021,33.47,
"Borrowed any money from a formal financial institution or using a mobile money account, male (% age 15+)",fin22a.c.MM.d.2,Czechia,CZE,2021,35.44,
"Borrowed any money from a formal financial institution or using a mobile money account, male (% age 15+)",fin22a.c.MM.d.2,Denmark,DNK,2021,57.83,
"Borrowed any money from a formal financial institution or using a mobile money account, male (% age 15+)",fin22a.c.MM.d.2,Dominican Republic,DOM,2021,21.7,
"Borrowed any money from a formal financial institution or using a mobile money account, male (% age 15+)",fin22a.c.MM.d.2,Ecuador,ECU,2021,32.18,
"Borrowed any money from a formal financial institution or using a mobile money account, male (% age 15+)",fin22a.c.MM.d.2,"Egypt, Arab Rep.",EGY,2021,10.03,
"Borrowed any money from a formal financial institution or using a mobile money account, male (% age 15+)",fin22a.c.MM.d.2,El Salvador,SLV,2021,10.45,
"Borrowed any money from a formal financial institution or using a mobile money account, male (% age 15+)",fin22a.c.MM.d.2,Estonia,EST,2021,34.45,
"Borrowed any money from a formal financial institution or using a mobile money account, male (% age 15+)",fin22a.c.MM.d.2,Finland,FIN,2021,53.29,
"Borrowed any money from a formal financial institution or using a mobile money account, male (% age 15+)",fin22a.c.MM.d.2,France,FRA,2021,44.73,
"Borrowed any money from a formal financial institution or using a mobile money account, male (% age 15+)",fin22a.c.MM.d.2,Gabon,GAB,2021,16.31,
"Borrowed any money from a formal financial institution or using a mobile money account, male (% age 15+)",fin22a.c.MM.d.2,Georgia,GEO,2021,25.83,
"Borrowed any money from a formal financial institution or using a mobile money account, male (% age 15+)",fin22a.c.MM.d.2,Germany,DEU,2021,50.66,
"Borrowed any money from a formal financial institution or using a mobile money account, male (% age 15+)",fin22a.c.MM.d.2,Ghana,GHA,2021,21.32,
"Borrowed any money from a formal financial institution or using a mobile money account, male (% age 15+)",fin22a.c.MM.d.2,Greece,GRC,2021,25.3,
"Borrowed any money from a formal financial institution or using a mobile money account, male (% age 15+)",fin22a.c.MM.d.2,Guinea,GIN,2021,9.93,
"Borrowed any money from a formal financial institution or using a mobile money account, male (% age 15+)",fin22a.c.MM.d.2,Honduras,HND,2021,13.97,
"Borrowed any money from a formal financial institution or using a mobile money account, male (% age 15+)",fin22a.c.MM.d.2,"Hong Kong SAR, China",HKG,2021,67.27,
"Borrowed any money from a formal financial institution or using a mobile money account, male (% age 15+)",fin22a.c.MM.d.2,Hungary,HUN,2021,20.87,
"Borrowed any money from a formal financial institution or using a mobile money account, male (% age 15+)",fin22a.c.MM.d.2,Iceland,ISL,2021,74.95,
"Borrowed any money from a formal financial institution or using a mobile money account, male (% age 15+)",fin22a.c.MM.d.2,India,IND,2021,15,
"Borrowed any money from a formal financial institution or using a mobile money account, male (% age 15+)",fin22a.c.MM.d.2,Indonesia,IDN,2021,9.61,
"Borrowed any money from a formal financial institution or using a mobile money account, male (% age 15+)",fin22a.c.MM.d.2,"Iran, Islamic Rep.",IRN,2021,28.11,
"Borrowed any money from a formal financial institution or using a mobile money account, male (% age 15+)",fin22a.c.MM.d.2,Iraq,IRQ,2021,5.83,
"Borrowed any money from a formal financial institution or using a mobile money account, male (% age 15+)",fin22a.c.MM.d.2,Ireland,IRL,2021,51.43,
"Borrowed any money from a formal financial institution or using a mobile money account, male (% age 15+)",fin22a.c.MM.d.2,Israel,ISR,2021,78.49,
"Borrowed any money from a formal financial institution or using a mobile money account, male (% age 15+)",fin22a.c.MM.d.2,Italy,ITA,2021,54.15,
"Borrowed any money from a formal financial institution or using a mobile money account, male (% age 15+)",fin22a.c.MM.d.2,Jamaica,JAM,2021,13.71,
"Borrowed any money from a formal financial institution or using a mobile money account, male (% age 15+)",fin22a.c.MM.d.2,Japan,JPN,2021,62.45,
"Borrowed any money from a formal financial institution or using a mobile money account, male (% age 15+)",fin22a.c.MM.d.2,Jordan,JOR,2021,13.29,
"Borrowed any money from a formal financial institution or using a mobile money account, male (% age 15+)",fin22a.c.MM.d.2,Kazakhstan,KAZ,2021,29.26,
"Borrowed any money from a formal financial institution or using a mobile money account, male (% age 15+)",fin22a.c.MM.d.2,Kenya,KEN,2021,42.32,
"Borrowed any money from a formal financial institution or using a mobile money account, male (% age 15+)",fin22a.c.MM.d.2,"Korea, Rep.",KOR,2021,72.85,
"Borrowed any money from a formal financial institution or using a mobile money account, male (% age 15+)",fin22a.c.MM.d.2,Kosovo,XKX,2021,24.29,
"Borrowed any money from a formal financial institution or using a mobile money account, male (% age 15+)",fin22a.c.MM.d.2,Kyrgyz Republic,KGZ,2021,19.66,
"Borrowed any money from a formal financial institution or using a mobile money account, male (% age 15+)",fin22a.c.MM.d.2,Lao PDR,LAO,2021,8.42,
"Borrowed any money from a formal financial institution or using a mobile money account, male (% age 15+)",fin22a.c.MM.d.2,Latvia,LVA,2021,27.63,
"Borrowed any money from a formal financial institution or using a mobile money account, male (% age 15+)",fin22a.c.MM.d.2,Lebanon,LBN,2021,4.73,
"Borrowed any money from a formal financial institution or using a mobile money account, male (% age 15+)",fin22a.c.MM.d.2,Liberia,LBR,2021,18.93,
"Borrowed any money from a formal financial institution or using a mobile money account, male (% age 15+)",fin22a.c.MM.d.2,Lithuania,LTU,2021,14.19,
"Borrowed any money from a formal financial institution or using a mobile money account, male (% age 15+)",fin22a.c.MM.d.2,Malawi,MWI,2021,10,
"Borrowed any money from a formal financial institution or using a mobile money account, male (% age 15+)",fin22a.c.MM.d.2,Malaysia,MYS,2021,16,
"Borrowed any money from a formal financial institution or using a mobile money account, male (% age 15+)",fin22a.c.MM.d.2,Mali,MLI,2021,12.45,
"Borrowed any money from a formal financial institution or using a mobile money account, male (% age 15+)",fin22a.c.MM.d.2,Malta,MLT,2021,44.94,
"Borrowed any money from a formal financial institution or using a mobile money account, male (% age 15+)",fin22a.c.MM.d.2,Mauritius,MUS,2021,25.14,
"Borrowed any money from a formal financial institution or using a mobile money account, male (% age 15+)",fin22a.c.MM.d.2,Moldova,MDA,2021,13.07,
"Borrowed any money from a formal financial institution or using a mobile money account, male (% age 15+)",fin22a.c.MM.d.2,Mongolia,MNG,2021,35.13,
"Borrowed any money from a formal financial institution or using a mobile money account, male (% age 15+)",fin22a.c.MM.d.2,Morocco,MAR,2021,6.36,
"Borrowed any money from a formal financial institution or using a mobile money account, male (% age 15+)",fin22a.c.MM.d.2,Mozambique,MOZ,2021,21.13,
"Borrowed any money from a formal financial institution or using a mobile money account, male (% age 15+)",fin22a.c.MM.d.2,Myanmar,MMR,2021,11.02,
"Borrowed any money from a formal financial institution or using a mobile money account, male (% age 15+)",fin22a.c.MM.d.2,Namibia,NAM,2021,26.48,
"Borrowed any money from a formal financial institution or using a mobile money account, male (% age 15+)",fin22a.c.MM.d.2,Nepal,NPL,2021,16.55,
"Borrowed any money from a formal financial institution or using a mobile money account, male (% age 15+)",fin22a.c.MM.d.2,Netherlands,NLD,2021,39.92,
"Borrowed any money from a formal financial institution or using a mobile money account, male (% age 15+)",fin22a.c.MM.d.2,New Zealand,NZL,2021,60.23,
"Borrowed any money from a formal financial institution or using a mobile money account, male (% age 15+)",fin22a.c.MM.d.2,Nicaragua,NIC,2021,11.64,
"Borrowed any money from a formal financial institution or using a mobile money account, male (% age 15+)",fin22a.c.MM.d.2,Nigeria,NGA,2021,7.74,
"Borrowed any money from a formal financial institution or using a mobile money account, male (% age 15+)",fin22a.c.MM.d.2,North Macedonia,MKD,2021,24.02,
"Borrowed any money from a formal financial institution or using a mobile money account, male (% age 15+)",fin22a.c.MM.d.2,Norway,NOR,2021,66.79,
"Borrowed any money from a formal financial institution or using a mobile money account, male (% age 15+)",fin22a.c.MM.d.2,Pakistan,PAK,2021,3.93,
"Borrowed any money from a formal financial institution or using a mobile money account, male (% age 15+)",fin22a.c.MM.d.2,Panama,PAN,2021,14.28,
"Borrowed any money from a formal financial institution or using a mobile money account, male (% age 15+)",fin22a.c.MM.d.2,Paraguay,PRY,2021,12.73,
"Borrowed any money from a formal financial institution or using a mobile money account, male (% age 15+)",fin22a.c.MM.d.2,Peru,PER,2021,23.09,
"Borrowed any money from a formal financial institution or using a mobile money account, male (% age 15+)",fin22a.c.MM.d.2,Philippines,PHL,2021,21.84,
"Borrowed any money from a formal financial institution or using a mobile money account, male (% age 15+)",fin22a.c.MM.d.2,Poland,POL,2021,38.57,
"Borrowed any money from a formal financial institution or using a mobile money account, male (% age 15+)",fin22a.c.MM.d.2,Portugal,PRT,2021,38.61,
"Borrowed any money from a formal financial institution or using a mobile money account, male (% age 15+)",fin22a.c.MM.d.2,Romania,ROU,2021,23.35,
"Borrowed any money from a formal financial institution or using a mobile money account, male (% age 15+)",fin22a.c.MM.d.2,Russian Federation,RUS,2021,32.15,
"Borrowed any money from a formal financial institution or using a mobile money account, male (% age 15+)",fin22a.c.MM.d.2,Saudi Arabia,SAU,2021,34.77,
"Borrowed any money from a formal financial institution or using a mobile money account, male (% age 15+)",fin22a.c.MM.d.2,Senegal,SEN,2021,11.59,
"Borrowed any money from a formal financial institution or using a mobile money account, male (% age 15+)",fin22a.c.MM.d.2,Serbia,SRB,2021,20.06,
"Borrowed any money from a formal financial institution or using a mobile money account, male (% age 15+)",fin22a.c.MM.d.2,Sierra Leone,SLE,2021,5.29,
"Borrowed any money from a formal financial institution or using a mobile money account, male (% age 15+)",fin22a.c.MM.d.2,Singapore,SGP,2021,47.79,
"Borrowed any money from a formal financial institution or using a mobile money account, male (% age 15+)",fin22a.c.MM.d.2,Slovak Republic,SVK,2021,39.13,
"Borrowed any money from a formal financial institution or using a mobile money account, male (% age 15+)",fin22a.c.MM.d.2,Slovenia,SVN,2021,47.61,
"Borrowed any money from a formal financial institution or using a mobile money account, male (% age 15+)",fin22a.c.MM.d.2,South Africa,ZAF,2021,18.18,
"Borrowed any money from a formal financial institution or using a mobile money account, male (% age 15+)",fin22a.c.MM.d.2,South Sudan,SSD,2021,2.25,
"Borrowed any money from a formal financial institution or using a mobile money account, male (% age 15+)",fin22a.c.MM.d.2,Spain,ESP,2021,55.08,
"Borrowed any money from a formal financial institution or using a mobile money account, male (% age 15+)",fin22a.c.MM.d.2,Sri Lanka,LKA,2021,21.83,
"Borrowed any money from a formal financial institution or using a mobile money account, male (% age 15+)",fin22a.c.MM.d.2,Sweden,SWE,2021,52.02,
"Borrowed any money from a formal financial institution or using a mobile money account, male (% age 15+)",fin22a.c.MM.d.2,Switzerland,CHE,2021,65.11,
"Borrowed any money from a formal financial institution or using a mobile money account, male (% age 15+)",fin22a.c.MM.d.2,Tajikistan,TJK,2021,13.03,
"Borrowed any money from a formal financial institution or using a mobile money account, male (% age 15+)",fin22a.c.MM.d.2,Tanzania,TZA,2021,16.34,
"Borrowed any money from a formal financial institution or using a mobile money account, male (% age 15+)",fin22a.c.MM.d.2,Thailand,THA,2021,37.22,
"Borrowed any money from a formal financial institution or using a mobile money account, male (% age 15+)",fin22a.c.MM.d.2,Togo,TGO,2021,8.56,
"Borrowed any money from a formal financial institution or using a mobile money account, male (% age 15+)",fin22a.c.MM.d.2,Tunisia,TUN,2021,11.22,
"Borrowed any money from a formal financial institution or using a mobile money account, male (% age 15+)",fin22a.c.MM.d.2,Turkiye,TUR,2021,51.28,
"Borrowed any money from a formal financial institution or using a mobile money account, male (% age 15+)",fin22a.c.MM.d.2,Uganda,UGA,2021,29.07,
"Borrowed any money from a formal financial institution or using a mobile money account, male (% age 15+)",fin22a.c.MM.d.2,Ukraine,UKR,2021,36.46,
"Borrowed any money from a formal financial institution or using a mobile money account, male (% age 15+)",fin22a.c.MM.d.2,United Arab Emirates,ARE,2021,25.55,
"Borrowed any money from a formal financial institution or using a mobile money account, male (% age 15+)",fin22a.c.MM.d.2,United Kingdom,GBR,2021,53.31,
"Borrowed any money from a formal financial institution or using a mobile money account, male (% age 15+)",fin22a.c.MM.d.2,United States,USA,2021,65.75,
"Borrowed any money from a formal financial institution or using a mobile money account, male (% age 15+)",fin22a.c.MM.d.2,Uruguay,URY,2021,41.62,
"Borrowed any money from a formal financial institution or using a mobile money account, male (% age 15+)",fin22a.c.MM.d.2,Uzbekistan,UZB,2021,10.56,
"Borrowed any money from a formal financial institution or using a mobile money account, male (% age 15+)",fin22a.c.MM.d.2,"Venezuela, RB",VEN,2021,14.36,
"Borrowed any money from a formal financial institution or using a mobile money account, male (% age 15+)",fin22a.c.MM.d.2,West Bank and Gaza,PSE,2021,5.98,
"Borrowed any money from a formal financial institution or using a mobile money account, male (% age 15+)",fin22a.c.MM.d.2,Zambia,ZMB,2021,18.43,
"Borrowed any money from a formal financial institution or using a mobile money account, male (% age 15+)",fin22a.c.MM.d.2,Zimbabwe,ZWE,2021,7.95,
Borrowed any money from a formal financial institution or using a mobile money account (% age 15+),fin22a.c.MM.d,Arab World,ARB,2021,10.09,
Borrowed any money from a formal financial institution or using a mobile money account (% age 15+),fin22a.c.MM.d,East Asia & Pacific,EAS,2021,36.69,
Borrowed any money from a formal financial institution or using a mobile money account (% age 15+),fin22a.c.MM.d,East Asia & Pacific (excluding high income),EAP,2021,33.23,
Borrowed any money from a formal financial institution or using a mobile money account (% age 15+),fin22a.c.MM.d,Euro area,EMU,2021,48.21,
Borrowed any money from a formal financial institution or using a mobile money account (% age 15+),fin22a.c.MM.d,Europe & Central Asia,ECS,2021,39.51,
Borrowed any money from a formal financial institution or using a mobile money account (% age 15+),fin22a.c.MM.d,Europe & Central Asia (excluding high income),ECA,2021,28.86,
Borrowed any money from a formal financial institution or using a mobile money account (% age 15+),fin22a.c.MM.d,High income,HIC,2021,55.93,
Borrowed any money from a formal financial institution or using a mobile money account (% age 15+),fin22a.c.MM.d,Latin America & Caribbean,LCN,2021,30.33,
Borrowed any money from a formal financial institution or using a mobile money account (% age 15+),fin22a.c.MM.d,Latin America & Caribbean (excluding high income),LAC,2021,30.51,
Borrowed any money from a formal financial institution or using a mobile money account (% age 15+),fin22a.c.MM.d,LMY,LMY,2021,22.94,
Borrowed any money from a formal financial institution or using a mobile money account (% age 15+),fin22a.c.MM.d,Low income,LIC,2021,12.53,
Borrowed any money from a formal financial institution or using a mobile money account (% age 15+),fin22a.c.MM.d,Lower middle income,LMC,2021,13.15,
Borrowed any money from a formal financial institution or using a mobile money account (% age 15+),fin22a.c.MM.d,Middle East & North Africa,MEA,2021,15.3,
Borrowed any money from a formal financial institution or using a mobile money account (% age 15+),fin22a.c.MM.d,Middle East & North Africa (excluding high income),MNA,2021,11.26,
Borrowed any money from a formal financial institution or using a mobile money account (% age 15+),fin22a.c.MM.d,MIC,MIC,2021,23.26,
Borrowed any money from a formal financial institution or using a mobile money account (% age 15+),fin22a.c.MM.d,North America,NAC,2021,67.77,
Borrowed any money from a formal financial institution or using a mobile money account (% age 15+),fin22a.c.MM.d,OECD members,OED,2021,56.88,
Borrowed any money from a formal financial institution or using a mobile money account (% age 15+),fin22a.c.MM.d,South Asia,SAS,2021,12.1,
Borrowed any money from a formal financial institution or using a mobile money account (% age 15+),fin22a.c.MM.d,Sub-Saharan Africa,SSF,2021,14.39,
Borrowed any money from a formal financial institution or using a mobile money account (% age 15+),fin22a.c.MM.d,Sub-Saharan Africa (excluding high income),SSA,2021,14.39,
Borrowed any money from a formal financial institution or using a mobile money account (% age 15+),fin22a.c.MM.d,Upper middle income,UMC,2021,35.35,
Borrowed any money from a formal financial institution or using a mobile money account (% age 15+),fin22a.c.MM.d,World,WLD,2021,29.18,
Borrowed any money from a formal financial institution or using a mobile money account (% age 15+),fin22a.c.MM.d,Afghanistan,AFG,2021,2.05,
Borrowed any money from a formal financial institution or using a mobile money account (% age 15+),fin22a.c.MM.d,Albania,ALB,2021,13.39,
Borrowed any money from a formal financial institution or using a mobile money account (% age 15+),fin22a.c.MM.d,Algeria,DZA,2021,3.79,
Borrowed any money from a formal financial institution or using a mobile money account (% age 15+),fin22a.c.MM.d,Argentina,ARG,2021,32.08,
Borrowed any money from a formal financial institution or using a mobile money account (% age 15+),fin22a.c.MM.d,Armenia,ARM,2021,28,
Borrowed any money from a formal financial institution or using a mobile money account (% age 15+),fin22a.c.MM.d,Australia,AUS,2021,57.29,
Borrowed any money from a formal financial institution or using a mobile money account (% age 15+),fin22a.c.MM.d,Austria,AUT,2021,56.52,
Borrowed any money from a formal financial institution or using a mobile money account (% age 15+),fin22a.c.MM.d,Bangladesh,BGD,2021,16.28,
Borrowed any money from a formal financial institution or using a mobile money account (% age 15+),fin22a.c.MM.d,Belgium,BEL,2021,47.97,
Borrowed any money from a formal financial institution or using a mobile money account (% age 15+),fin22a.c.MM.d,Benin,BEN,2021,11.14,
Borrowed any money from a formal financial institution or using a mobile money account (% age 15+),fin22a.c.MM.d,Bolivia,BOL,2021,20.01,
Borrowed any money from a formal financial institution or using a mobile money account (% age 15+),fin22a.c.MM.d,Bosnia and Herzegovina,BIH,2021,21.3,
Borrowed any money from a formal financial institution or using a mobile money account (% age 15+),fin22a.c.MM.d,Brazil,BRA,2021,41.28,
Borrowed any money from a formal financial institution or using a mobile money account (% age 15+),fin22a.c.MM.d,Bulgaria,BGR,2021,26.35,
Borrowed any money from a formal financial institution or using a mobile money account (% age 15+),fin22a.c.MM.d,Burkina Faso,BFA,2021,8.59,
Borrowed any money from a formal financial institution or using a mobile money account (% age 15+),fin22a.c.MM.d,Cambodia,KHM,2021,30.88,
Borrowed any money from a formal financial institution or using a mobile money account (% age 15+),fin22a.c.MM.d,Cameroon,CMR,2021,11.5,
Borrowed any money from a formal financial institution or using a mobile money account (% age 15+),fin22a.c.MM.d,Canada,CAN,2021,81.01,
Borrowed any money from a formal financial institution or using a mobile money account (% age 15+),fin22a.c.MM.d,Chile,CHL,2021,24.19,
Borrowed any money from a formal financial institution or using a mobile money account (% age 15+),fin22a.c.MM.d,China,CHN,2021,39.18,
Borrowed any money from a formal financial institution or using a mobile money account (% age 15+),fin22a.c.MM.d,Colombia,COL,2021,19,
Borrowed any money from a formal financial institution or using a mobile money account (% age 15+),fin22a.c.MM.d,"Congo, Rep.",COG,2021,10.02,
Borrowed any money from a formal financial institution or using a mobile money account (% age 15+),fin22a.c.MM.d,Costa Rica,CRI,2021,17.46,
Borrowed any money from a formal financial institution or using a mobile money account (% age 15+),fin22a.c.MM.d,Cote d'Ivoire,CIV,2021,7.74,
Borrowed any money from a formal financial institution or using a mobile money account (% age 15+),fin22a.c.MM.d,Croatia,HRV,2021,33.03,
Borrowed any money from a formal financial institution or using a mobile money account (% age 15+),fin22a.c.MM.d,Cyprus,CYP,2021,31.24,
Borrowed any money from a formal financial institution or using a mobile money account (% age 15+),fin22a.c.MM.d,Czechia,CZE,2021,31.33,
Borrowed any money from a formal financial institution or using a mobile money account (% age 15+),fin22a.c.MM.d,Denmark,DNK,2021,53.16,
Borrowed any money from a formal financial institution or using a mobile money account (% age 15+),fin22a.c.MM.d,Dominican Republic,DOM,2021,21.83,
Borrowed any money from a formal financial institution or using a mobile money account (% age 15+),fin22a.c.MM.d,Ecuador,ECU,2021,23.23,
Borrowed any money from a formal financial institution or using a mobile money account (% age 15+),fin22a.c.MM.d,"Egypt, Arab Rep.",EGY,2021,7.5,
Borrowed any money from a formal financial institution or using a mobile money account (% age 15+),fin22a.c.MM.d,El Salvador,SLV,2021,10.66,
Borrowed any money from a formal financial institution or using a mobile money account (% age 15+),fin22a.c.MM.d,Estonia,EST,2021,33.64,
Borrowed any money from a formal financial institution or using a mobile money account (% age 15+),fin22a.c.MM.d,Finland,FIN,2021,52.97,
Borrowed any money from a formal financial institution or using a mobile money account (% age 15+),fin22a.c.MM.d,France,FRA,2021,44.36,
Borrowed any money from a formal financial institution or using a mobile money account (% age 15+),fin22a.c.MM.d,Gabon,GAB,2021,12.16,
Borrowed any money from a formal financial institution or using a mobile money account (% age 15+),fin22a.c.MM.d,Georgia,GEO,2021,24.22,
Borrowed any money from a formal financial institution or using a mobile money account (% age 15+),fin22a.c.MM.d,Germany,DEU,2021,54.67,
Borrowed any money from a formal financial institution or using a mobile money account (% age 15+),fin22a.c.MM.d,Ghana,GHA,2021,17.2,
Borrowed any money from a formal financial institution or using a mobile money account (% age 15+),fin22a.c.MM.d,Greece,GRC,2021,20.11,
Borrowed any money from a formal financial institution or using a mobile money account (% age 15+),fin22a.c.MM.d,Guinea,GIN,2021,7.86,
Borrowed any money from a formal financial institution or using a mobile money account (% age 15+),fin22a.c.MM.d,Honduras,HND,2021,11.07,
Borrowed any money from a formal financial institution or using a mobile money account (% age 15+),fin22a.c.MM.d,"Hong Kong SAR, China",HKG,2021,70,
Borrowed any money from a formal financial institution or using a mobile money account (% age 15+),fin22a.c.MM.d,Hungary,HUN,2021,18.92,
Borrowed any money from a formal financial institution or using a mobile money account (% age 15+),fin22a.c.MM.d,Iceland,ISL,2021,73.36,
Borrowed any money from a formal financial institution or using a mobile money account (% age 15+),fin22a.c.MM.d,India,IND,2021,12.81,
Borrowed any money from a formal financial institution or using a mobile money account (% age 15+),fin22a.c.MM.d,Indonesia,IDN,2021,13.22,
Borrowed any money from a formal financial institution or using a mobile money account (% age 15+),fin22a.c.MM.d,"Iran, Islamic Rep.",IRN,2021,25.56,
Borrowed any money from a formal financial institution or using a mobile money account (% age 15+),fin22a.c.MM.d,Iraq,IRQ,2021,4.14,
Borrowed any money from a formal financial institution or using a mobile money account (% age 15+),fin22a.c.MM.d,Ireland,IRL,2021,54.1,
Borrowed any money from a formal financial institution or using a mobile money account (% age 15+),fin22a.c.MM.d,Israel,ISR,2021,79.51,
Borrowed any money from a formal financial institution or using a mobile money account (% age 15+),fin22a.c.MM.d,Italy,ITA,2021,55,
Borrowed any money from a formal financial institution or using a mobile money account (% age 15+),fin22a.c.MM.d,Jamaica,JAM,2021,12.04,
Borrowed any money from a formal financial institution or using a mobile money account (% age 15+),fin22a.c.MM.d,Japan,JPN,2021,61.19,
Borrowed any money from a formal financial institution or using a mobile money account (% age 15+),fin22a.c.MM.d,Jordan,JOR,2021,9.92,
Borrowed any money from a formal financial institution or using a mobile money account (% age 15+),fin22a.c.MM.d,Kazakhstan,KAZ,2021,29.76,
Borrowed any money from a formal financial institution or using a mobile money account (% age 15+),fin22a.c.MM.d,Kenya,KEN,2021,39.69,
Borrowed any money from a formal financial institution or using a mobile money account (% age 15+),fin22a.c.MM.d,"Korea, Rep.",KOR,2021,68.63,
Borrowed any money from a formal financial institution or using a mobile money account (% age 15+),fin22a.c.MM.d,Kosovo,XKX,2021,17.61,
Borrowed any money from a formal financial institution or using a mobile money account (% age 15+),fin22a.c.MM.d,Kyrgyz Republic,KGZ,2021,18.23,
Borrowed any money from a formal financial institution or using a mobile money account (% age 15+),fin22a.c.MM.d,Lao PDR,LAO,2021,9.18,
Borrowed any money from a formal financial institution or using a mobile money account (% age 15+),fin22a.c.MM.d,Latvia,LVA,2021,22.73,
Borrowed any money from a formal financial institution or using a mobile money account (% age 15+),fin22a.c.MM.d,Lebanon,LBN,2021,3.31,
Borrowed any money from a formal financial institution or using a mobile money account (% age 15+),fin22a.c.MM.d,Liberia,LBR,2021,16.55,
Borrowed any money from a formal financial institution or using a mobile money account (% age 15+),fin22a.c.MM.d,Lithuania,LTU,2021,11.95,
Borrowed any money from a formal financial institution or using a mobile money account (% age 15+),fin22a.c.MM.d,Malawi,MWI,2021,10.05,
Borrowed any money from a formal financial institution or using a mobile money account (% age 15+),fin22a.c.MM.d,Malaysia,MYS,2021,15.11,
Borrowed any money from a formal financial institution or using a mobile money account (% age 15+),fin22a.c.MM.d,Mali,MLI,2021,12.85,
Borrowed any money from a formal financial institution or using a mobile money account (% age 15+),fin22a.c.MM.d,Malta,MLT,2021,38.94,
Borrowed any money from a formal financial institution or using a mobile money account (% age 15+),fin22a.c.MM.d,Mauritius,MUS,2021,20.28,
Borrowed any money from a formal financial institution or using a mobile money account (% age 15+),fin22a.c.MM.d,Moldova,MDA,2021,13.18,
Borrowed any money from a formal financial institution or using a mobile money account (% age 15+),fin22a.c.MM.d,Mongolia,MNG,2021,35.48,
Borrowed any money from a formal financial institution or using a mobile money account (% age 15+),fin22a.c.MM.d,Morocco,MAR,2021,5.05,
Borrowed any money from a formal financial institution or using a mobile money account (% age 15+),fin22a.c.MM.d,Mozambique,MOZ,2021,14.95,
Borrowed any money from a formal financial institution or using a mobile money account (% age 15+),fin22a.c.MM.d,Myanmar,MMR,2021,9.95,
Borrowed any money from a formal financial institution or using a mobile money account (% age 15+),fin22a.c.MM.d,Namibia,NAM,2021,23.4,
Borrowed any money from a formal financial institution or using a mobile money account (% age 15+),fin22a.c.MM.d,Nepal,NPL,2021,14.9,
Borrowed any money from a formal financial institution or using a mobile money account (% age 15+),fin22a.c.MM.d,Netherlands,NLD,2021,34.44,
Borrowed any money from a formal financial institution or using a mobile money account (% age 15+),fin22a.c.MM.d,New Zealand,NZL,2021,60.38,
Borrowed any money from a formal financial institution or using a mobile money account (% age 15+),fin22a.c.MM.d,Nicaragua,NIC,2021,12.42,
Borrowed any money from a formal financial institution or using a mobile money account (% age 15+),fin22a.c.MM.d,Nigeria,NGA,2021,7.04,
Borrowed any money from a formal financial institution or using a mobile money account (% age 15+),fin22a.c.MM.d,North Macedonia,MKD,2021,22.1,
Borrowed any money from a formal financial institution or using a mobile money account (% age 15+),fin22a.c.MM.d,Norway,NOR,2021,66.82,
Borrowed any money from a formal financial institution or using a mobile money account (% age 15+),fin22a.c.MM.d,Pakistan,PAK,2021,3.61,
Borrowed any money from a formal financial institution or using a mobile money account (% age 15+),fin22a.c.MM.d,Panama,PAN,2021,10.39,
Borrowed any money from a formal financial institution or using a mobile money account (% age 15+),fin22a.c.MM.d,Paraguay,PRY,2021,13.83,
Borrowed any money from a formal financial institution or using a mobile money account (% age 15+),fin22a.c.MM.d,Peru,PER,2021,22.11,
Borrowed any money from a formal financial institution or using a mobile money account (% age 15+),fin22a.c.MM.d,Philippines,PHL,2021,18.81,
Borrowed any money from a formal financial institution or using a mobile money account (% age 15+),fin22a.c.MM.d,Poland,POL,2021,31.91,
Borrowed any money from a formal financial institution or using a mobile money account (% age 15+),fin22a.c.MM.d,Portugal,PRT,2021,30.44,
Borrowed any money from a formal financial institution or using a mobile money account (% age 15+),fin22a.c.MM.d,Romania,ROU,2021,19.14,
Borrowed any money from a formal financial institution or using a mobile money account (% age 15+),fin22a.c.MM.d,Russian Federation,RUS,2021,30.78,
Borrowed any money from a formal financial institution or using a mobile money account (% age 15+),fin22a.c.MM.d,Saudi Arabia,SAU,2021,32.38,
Borrowed any money from a formal financial institution or using a mobile money account (% age 15+),fin22a.c.MM.d,Senegal,SEN,2021,12.89,
Borrowed any money from a formal financial institution or using a mobile money account (% age 15+),fin22a.c.MM.d,Serbia,SRB,2021,20.65,
Borrowed any money from a formal financial institution or using a mobile money account (% age 15+),fin22a.c.MM.d,Sierra Leone,SLE,2021,5.63,
Borrowed any money from a formal financial institution or using a mobile money account (% age 15+),fin22a.c.MM.d,Singapore,SGP,2021,44.42,
Borrowed any money from a formal financial institution or using a mobile money account (% age 15+),fin22a.c.MM.d,Slovak Republic,SVK,2021,34.41,
Borrowed any money from a formal financial institution or using a mobile money account (% age 15+),fin22a.c.MM.d,Slovenia,SVN,2021,42.35,
Borrowed any money from a formal financial institution or using a mobile money account (% age 15+),fin22a.c.MM.d,South Africa,ZAF,2021,18.99,
Borrowed any money from a formal financial institution or using a mobile money account (% age 15+),fin22a.c.MM.d,South Sudan,SSD,2021,2.63,
Borrowed any money from a formal financial institution or using a mobile money account (% age 15+),fin22a.c.MM.d,Spain,ESP,2021,51.91,
Borrowed any money from a formal financial institution or using a mobile money account (% age 15+),fin22a.c.MM.d,Sri Lanka,LKA,2021,21.51,
Borrowed any money from a formal financial institution or using a mobile money account (% age 15+),fin22a.c.MM.d,Sweden,SWE,2021,48.69,
Borrowed any money from a formal financial institution or using a mobile money account (% age 15+),fin22a.c.MM.d,Switzerland,CHE,2021,61.4,
Borrowed any money from a formal financial institution or using a mobile money account (% age 15+),fin22a.c.MM.d,Tajikistan,TJK,2021,12.64,
Borrowed any money from a formal financial institution or using a mobile money account (% age 15+),fin22a.c.MM.d,Tanzania,TZA,2021,13.34,
Borrowed any money from a formal financial institution or using a mobile money account (% age 15+),fin22a.c.MM.d,Thailand,THA,2021,30.36,
Borrowed any money from a formal financial institution or using a mobile money account (% age 15+),fin22a.c.MM.d,Togo,TGO,2021,8.19,
Borrowed any money from a formal financial institution or using a mobile money account (% age 15+),fin22a.c.MM.d,Tunisia,TUN,2021,10.33,
Borrowed any money from a formal financial institution or using a mobile money account (% age 15+),fin22a.c.MM.d,Turkiye,TUR,2021,38.03,
Borrowed any money from a formal financial institution or using a mobile money account (% age 15+),fin22a.c.MM.d,Uganda,UGA,2021,29,
Borrowed any money from a formal financial institution or using a mobile money account (% age 15+),fin22a.c.MM.d,Ukraine,UKR,2021,34.12,
Borrowed any money from a formal financial institution or using a mobile money account (% age 15+),fin22a.c.MM.d,United Arab Emirates,ARE,2021,23.94,
Borrowed any money from a formal financial institution or using a mobile money account (% age 15+),fin22a.c.MM.d,United Kingdom,GBR,2021,54.97,
Borrowed any money from a formal financial institution or using a mobile money account (% age 15+),fin22a.c.MM.d,United States,USA,2021,66.2,
Borrowed any money from a formal financial institution or using a mobile money account (% age 15+),fin22a.c.MM.d,Uruguay,URY,2021,42.01,
Borrowed any money from a formal financial institution or using a mobile money account (% age 15+),fin22a.c.MM.d,Uzbekistan,UZB,2021,7.49,
Borrowed any money from a formal financial institution or using a mobile money account (% age 15+),fin22a.c.MM.d,"Venezuela, RB",VEN,2021,11.09,
Borrowed any money from a formal financial institution or using a mobile money account (% age 15+),fin22a.c.MM.d,West Bank and Gaza,PSE,2021,5.04,
Borrowed any money from a formal financial institution or using a mobile money account (% age 15+),fin22a.c.MM.d,Zambia,ZMB,2021,14.78,
Borrowed any money from a formal financial institution or using a mobile money account (% age 15+),fin22a.c.MM.d,Zimbabwe,ZWE,2021,7.23,
